{"pose":[{"rotation":{"x":0.0,"y":0.0,"z":-0.0603331963915924},"elbow_r_loc":{"x":-0.9012107591750911,"y":0.13048855841906137,"z":0.8938438791755146},"elbow_l_loc":{"x":0.14122046753656337,"y":0.960030875848771,"z":0.5665805984396872},"elbow_r_rot":{"x":0.0,"y":0.0,"z":1.2203547652623505},"elbow_l_rot":{"x":0.0,"y":0.0,"z":3.7309408740554697},"hip_loc":{"x":0.0,"y":0.0,"z":-0.029614153082826167},"heel_r_loc":{"x":-0.3703269641960875,"y":0.32735830031132274,"z":0.12903889502956833},"heel_l_loc":{"x":-0.06888823372921135,"y":0.060735060812867836,"z":-0.14602635506046324}},{"rotation":{"x":0.0,"y":0.0,"z":-0.12646207172876456},"elbow_r_loc":{"x":-0.0716344486394136,"y":-0.03835053271208544,"z":0.9999661773018107},"elbow_l_loc":{"x":0.9070465850362779,"y":0.19367341805513982,"z":0.9879242216961326},"elbow_r_rot":{"x":0.0,"y":0.0,"z":1.9711972162257605},"elbow_l_rot":{"x":0.0,"y":0.0,"z":6.093365264824258},"hip_loc":{"x":0.0,"y":0.0,"z":-0.033383573991577875},"heel_r_loc":{"x":-0.34645056459480494,"y":-0.33252724097663566,"z":-0.040032876608982276},"heel_l_loc":{"x":0.25204065775105644,"y":-0.2829613737471738,"z":0.13829701185689125}},{"rotation":{"x":0.0,"y":0.0,"z":0.1129376641191201},"elbow_r_loc":{"x":-0.3858210705887477,"y":-0.5982937545579019,"z":-0.30700918109175745},"elbow_l_loc":{"x":0.7573779811877754,"y":-0.43609788326185406,"z":0.4520304075428254},"elbow_r_rot":{"x":0.0,"y":0.0,"z":0.2106595366746757},"elbow_l_rot":{"x":0.0,"y":0.0,"z":2.477437324596304},"hip_loc":{"x":0.0,"y":0.0,"z":-0.208296530161703},"heel_r_loc":{"x":-0.2633865211516705,"y":-0.24870047514419447,"z":-0.06902414969837417},"heel_l_loc":{"x":0.027457100649054683,"y":-0.22694077437627524,"z":-0.12934516137545032}},{"rotation":{"x":0.0,"y":0.0,"z":0.022200966665724686},"elbow_r_loc":{"x":-0.531045100537664,"y":0.06130584975826592,"z":0.7460258654011929},"elbow_l_loc":{"x":0.26233270646975293,"y":-0.2909793892363828,"z":-0.04729814537789645},"elbow_r_rot":{"x":0.0,"y":0.0,"z":0.9816331503002024},"elbow_l_rot":{"x":0.0,"y":0.0,"z":1.6200152809512054},"hip_loc":{"x":0.0,"y":0.0,"z":-0.0484746499506456},"heel_r_loc":{"x":-0.3252507673239885,"y":-0.24094718078207156,"z":-0.18401432300488338},"heel_l_loc":{"x":0.3549337230415637,"y":-0.6709948185952463,"z":0.0736330417697067}}],"elapsed":[7.150236715999199,7.15523469200707,7.063988224021159,6.9849122499872465]}