{"pose":[{"rotation":{"x":0.0,"y":0.0,"z":-0.24387966476697753},"elbow_r_loc":{"x":-0.00788114540143492,"y":-0.109905355997165,"z":-0.5925764635685744},"elbow_l_loc":{"x":0.6129175248223837,"y":0.8801469526595169,"z":0.8331821523392668},"elbow_r_rot":{"x":0.0,"y":0.0,"z":3.674314549128898},"elbow_l_rot":{"x":0.0,"y":0.0,"z":1.3471280730106336},"hip_loc":{"x":0.0,"y":0.0,"z":-0.01648259032352062},"heel_r_loc":{"x":-0.24990722078212324,"y":-0.38540838641452657,"z":-0.08156701529156729},"heel_l_loc":{"x":-0.060763318118984624,"y":-0.7858318212557404,"z":0.12610143712292737}},{"rotation":{"x":0.0,"y":0.0,"z":-0.6524645878427036},"elbow_r_loc":{"x":-0.721296998985014,"y":0.10740538126830446,"z":-0.8307364001474404},"elbow_l_loc":{"x":0.5953934644087719,"y":0.6967705921808567,"z":0.05795276449679587},"elbow_r_rot":{"x":0.0,"y":0.0,"z":2.80094672398266},"elbow_l_rot":{"x":0.0,"y":0.0,"z":2.4308455581381523},"hip_loc":{"x":0.0,"y":0.0,"z":-0.033223588206732824},"heel_r_loc":{"x":-0.12669693891539174,"y":-0.020529970287201604,"z":-0.1815256534505192},"heel_l_loc":{"x":0.43506039570440325,"y":-0.3368712656936025,"z":-0.04850948768785451}},{"rotation":{"x":0.0,"y":0.0,"z":-0.14964838760990418},"elbow_r_loc":{"x":-0.24208872883611976,"y":0.3491175679356062,"z":0.8526142986325169},"elbow_l_loc":{"x":0.025929335834415257,"y":0.06762302937354514,"z":0.4484435600325938},"elbow_r_rot":{"x":0.0,"y":0.0,"z":2.063794332287866},"elbow_l_rot":{"x":0.0,"y":0.0,"z":0.6530196163687125},"hip_loc":{"x":0.0,"y":0.0,"z":-0.0055946564951065425},"heel_r_loc":{"x":-0.1797399700018536,"y":0.3977034834750093,"z":0.10466530865986379},"heel_l_loc":{"x":-0.04451163238063737,"y":-0.17740658366836315,"z":0.05035118387968146}},{"rotation":{"x":0.0,"y":0.0,"z":0.25670940098059547},"elbow_r_loc":{"x":-0.3186950123362473,"y":-0.8520226306450196,"z":0.5604761619517977},"elbow_l_loc":{"x":0.4273892275560782,"y":-0.88867789919333,"z":0.7752407449507492},"elbow_r_rot":{"x":0.0,"y":0.0,"z":1.2730192376316154},"elbow_l_rot":{"x":0.0,"y":0.0,"z":3.5842925008900983},"hip_loc":{"x":0.0,"y":0.0,"z":-0.1682652556920648},"heel_r_loc":{"x":-0.033872315063903646,"y":-0.6506946681059279,"z":-0.13688680376987533},"heel_l_loc":{"x":0.04882490633347378,"y":0.2524759978076543,"z":0.08378416764626084}}],"elapsed":[1.2170962700038217,1.332727219996741,1.3374371500103734,1.2820662509766407]}