{"1": {"lmls": [-3465.9619478302725, -6528.765247225562, -3493.4459370512864, -7044.127315686621, -6478.115111224379, -7193.4644061083245, -3036.600128681529, -2449.863853886514, -3866.9940338081665, -2341.9983571754024, -5714.650427413557, -6095.259081013831, -4880.542848084977, -1757.944588958165, -5800.665942975433, -6478.127783589828, -920.4635073883991, -1110.6311300871232, -3181.265284694816, -2674.984609145861, -2152.901824493487, -6776.826909809234, -1534.4265007049605, -6389.363791864989, -5695.13764787428, -3414.6755427509356, -6861.747655927773, -7169.049175118517, -7164.296501270109, -2635.1587962163944, -3289.144030188741, -2342.9874251195242, -6490.881143364052, -4439.6089430225065, -1919.666927391746, -1468.7700295201905, -4305.320193079021, -2150.923753230588, -6824.7886908413375, -5465.828808065249, -7193.4644061083245, -6320.597974640407, -3876.8588605896653, -7169.056938484314, -1825.2840468360369, -7136.774223433503, -6348.271439103775, -2818.390231934696], "elapsed": [1.2893519401550293, 0.867131233215332, 1.732408046722412, 0.8714611530303955, 0.9569520950317383, 0.7454829216003418, 1.0878880023956299, 1.3432178497314453, 1.2925028800964355, 1.4297199249267578, 0.8342149257659912, 0.9216511249542236, 1.0414559841156006, 1.7074389457702637, 1.3443679809570312, 1.0716581344604492, 1.4679551124572754, 1.5092041492462158, 1.2766878604888916, 1.2735068798065186, 1.4725430011749268, 0.9319009780883789, 1.4779629707336426, 1.0127310752868652, 0.8184249401092529, 1.1567308902740479, 0.6572699546813965, 0.5754079818725586, 0.6342530250549316, 1.1120798587799072, 1.168612003326416, 1.4135470390319824, 0.9004549980163574, 0.9027540683746338, 1.5411450862884521, 1.3978779315948486, 1.058035135269165, 1.369157075881958, 0.93442702293396, 0.9614400863647461, 0.5851237773895264, 0.9824080467224121, 1.1655869483947754, 0.6342928409576416, 1.5675859451293945, 0.7667369842529297, 0.9153029918670654, 1.4492428302764893]}, "10": {"lmls": [-62.66047007187178, 33.705820268360306, -1.0605156957034163, -102.41987726943509, -107.10391107543016, -306.6519835888416, -6.042682243267583, -32.978881322342524, 0.2498907307792937, -82.98809649704727, -107.19362749757606, 8.551965243928908, -323.6420302925192, -23.863198076311818, -41.35016519843214, -42.40960441944919, -9.379569287153295, -211.02334141183215, -55.67039838891826, -107.00896501805659, -25.329289712990146, -45.816752970232216, -88.6410869218365, 29.532278906834307, -178.20853510802837, -12.82460274644112, -15.458273963958298, -8.71404762157367, -79.0559013083372, -89.11609269330249, -38.89363342933797, -7.766573425010133, 0.866098902139377, 30.35760416220855, 1.8286146071417342, -117.51439064427167, -127.85233261724447, -6.14948128319722, -173.4949903949715, -98.86329700150162, -46.567989645575885, -180.43341566923985, -6.516311541143564, -66.01218680375175, -25.598667003008565, 43.79999933994989, -12.855435102788569, -39.23857080978847], "elapsed": [148.1786708831787, 159.09276509284973, 140.41947889328003, 148.37002396583557, 154.2559061050415, 144.66579222679138, 156.33489179611206, 159.5970630645752, 145.67886304855347, 146.6535930633545, 146.17418718338013, 149.88622498512268, 153.7763819694519, 147.28715109825134, 148.62823820114136, 150.02398800849915, 144.04217195510864, 148.36451196670532, 136.72135496139526, 144.82647919654846, 148.43769001960754, 143.72316217422485, 164.19507789611816, 144.34122920036316, 162.8616259098053, 149.21770906448364, 156.28486490249634, 162.90889286994934, 158.5902349948883, 160.93288397789001, 158.59960389137268, 162.74111485481262, 150.13957285881042, 146.04598712921143, 150.37863779067993, 147.85302805900574, 148.20868706703186, 140.2276930809021, 152.7600929737091, 151.7717809677124, 159.21625804901123, 154.2017571926117, 156.35762786865234, 159.60985016822815, 150.4420759677887, 160.6496000289917, 156.19424414634705, 152.72643613815308]}, "3": {"lmls": [-475.2882654719392, -411.7195550100061, -741.1864355407766, -282.07413388396805, -383.0178802968029, -618.2951772924954, -467.1119303490257, -685.9455575579569, -469.8001294306816, -368.317236450319, -822.771541366403, -695.3952107860879, -914.4645367940379, -533.4460994447961, -808.9707299683065, -888.0363365041954, -467.3316692548273, -705.1442508287925, -279.9717516841876, -719.9063676170549, -64.85279089077432, -237.75012742535418, -992.8094962729473, -585.9187984830268, -1028.7707104862147, -501.36725422142104, -376.1195132902617, -935.4951182811003, -5266.333977306972, -1044.1227899889902, -483.98512423662527, -895.5453326329001, -578.833217559808, -330.91956683447324, -204.21463967243403, -818.400994929259, -312.27952730000806, -880.6261272500477, -938.6252873798226, -879.833013379143, -2437.30800733829, -434.635909933512, -923.3869551535333, -1043.1471537163054, -1419.9752418834507, -949.2570929378442, -288.5993831976567, -531.1197668900277], "elapsed": [37.5480899810791, 36.215250968933105, 33.2053599357605, 35.6739661693573, 37.28374409675598, 31.274951934814453, 30.961846113204956, 27.922515869140625, 32.86372113227844, 32.85401487350464, 35.80881905555725, 37.1511549949646, 32.4614679813385, 33.20303392410278, 32.53126907348633, 33.70806002616882, 31.831783056259155, 32.65002489089966, 32.828962087631226, 30.227226972579956, 36.69273400306702, 31.083993911743164, 33.90502190589905, 33.75493407249451, 37.176713943481445, 34.335477113723755, 36.83307886123657, 38.36616516113281, 10.127217054367065, 37.56034278869629, 35.96386909484863, 33.891618967056274, 29.648921012878418, 31.299932956695557, 34.96987295150757, 32.29431986808777, 34.55652713775635, 34.77691888809204, 32.077483892440796, 30.213577032089233, 44.81318998336792, 34.02591681480408, 32.3576979637146, 33.31771993637085, 34.629865884780884, 36.45241093635559, 33.67536211013794, 34.39172887802124]}, "100": {"lmls": [47.663415048498386, 53.16462228746661, 53.71055200679588, 51.51030316190003, 49.858709141915874, 52.053767279036165, 51.80105303174964, 55.755661145450055, 56.468668055780505, 43.055283529484726, 42.937590919571115, 43.1027013043861, 48.60123624744848, 50.65299795970634, 41.261447355253345, 54.7198519976128, 51.94301791577759, 52.09531898727521, 35.77148559295431, 48.37755888646886, 50.556965841743406, 47.05724346435105, 48.40402779893857, 48.04191665773612, 52.32837247764789, 53.136621756337355, 48.51163111039057, 30.82804717900403, 53.39289586475764, 49.56877044152399, 45.381682548843756, 50.16253061663081, 54.02605649618681, 54.774651088883836, 51.35461356839109, 52.11676732613063, 51.51559112640498, 49.83340600995861, 52.30923316925525, 42.684566043291326, 52.25098703365792, 42.57989911107917, 53.269651296154365, 49.0784391219502, 55.36043133101145, 53.74530156136226, 46.25519567752153, 52.77717043085075], "elapsed": [1570.3675639629364, 1547.415076971054, 1607.7298018932343, 1713.5909819602966, 1682.876019001007, 1689.0552561283112, 1598.963257074356, 1588.5690958499908, 1524.648591041565, 1612.2586810588837, 1583.9668419361115, 1594.3148791790009, 1634.1850531101227, 1702.002032995224, 1563.9518189430237, 1558.4242849349976, 1597.000969171524, 1588.7534799575806, 1572.1419880390167, 1593.5725800991058, 1572.248852968216, 1574.3621978759766, 1606.2597720623016, 1612.192472934723, 1631.9556879997253, 1635.2979679107666, 1593.279991865158, 1618.8487792015076, 1702.855819940567, 1696.007921218872, 1680.1620490550995, 1724.1135861873627, 1600.9396460056305, 1600.8144187927246, 1581.6531620025635, 1567.8762700557709, 1592.9538788795471, 1624.9100670814514, 1615.2954878807068, 1631.4416542053223, 1654.4238040447235, 1644.7079520225525, 1606.1626551151276, 1608.1382188796997, 1685.2719600200653, 1684.8807091712952, 1728.6541211605072, 1660.0638301372528]},