{"1": {"lmls": [-3465.9619478302725, -6528.765247225562, -3493.4459370512864, -7044.127315686621, -6478.115111224379, -7193.4644061083245, -3036.600128681529, -2449.863853886514, -3866.9940338081665, -2341.9983571754024, -5714.650427413557, -6095.259081013831, -4880.542848084977, -1757.944588958165, -5800.665942975433, -6478.127783589828, -920.4635073883991, -1110.6311300871232, -3181.265284694816, -2674.984609145861, -2152.901824493487, -6776.826909809234, -1534.4265007049605, -6389.363791864989, -5695.13764787428, -3414.6755427509356, -6861.747655927773, -7169.049175118517, -7164.296501270109, -2635.1587962163944, -3289.144030188741, -2342.9874251195242, -6490.881143364052, -4439.6089430225065, -1919.666927391746, -1468.7700295201905, -4305.320193079021, -2150.923753230588, -6824.7886908413375, -5465.828808065249, -7193.4644061083245, -6320.597974640407, -3876.8588605896653, -7169.056938484314, -1825.2840468360369, -7136.774223433503, -6348.271439103775, -2818.390231934696, -6865.357467376186, -7178.442626777699, -4477.937231932973, -7193.15893831275, -2014.4858351714706, -6328.734006906216, -7193.4644061083245, -2238.4306014970502, -1595.4207276139034, -1657.886821749169, -7082.132619014907, -6600.74131746551, -3320.4688698460436, -6692.9000088354, -3251.9472296048402, -3704.577033190391, -3227.5673297099506, -2518.1701160544794, -1784.0037912399064, -860.2658165331051, -1982.462723313482, -2150.673378968051, -2861.1060284553732, -6593.232200966437, -6306.834171960956, -6901.669708906395, -2206.513124158454, -5333.612984298783, -5570.007153360713, -1965.5410685402228, -5886.4718535644815, -6711.557670539678, -2694.558610042825, -6374.361186115999, -6662.017779652151, -2978.3528597965064, -7060.2662208203055, -2626.0011828478637, -5803.102841425594, -5122.9852819350735, -7184.89675531125, -4288.623928621476, -7193.4644061083245, -6249.348692384666, -1747.298746734996, -2664.820879624951, -1976.4244140015505, -7193.4644061083245], "elapsed": [1.3511981964111328, 0.8510780334472656, 1.816417932510376, 0.8596868515014648, 0.9871220588684082, 0.7609457969665527, 1.3088390827178955, 1.3681550025939941, 1.3406739234924316, 1.6049201488494873, 0.9384269714355469, 0.9290921688079834, 1.040541172027588, 1.6869819164276123, 1.366312026977539, 1.050325870513916, 1.5034489631652832, 1.4730088710784912, 1.3598260879516602, 1.2841598987579346, 1.3910119533538818, 0.8923161029815674, 1.5345518589019775, 1.0557548999786377, 0.8133590221405029, 1.0962309837341309, 0.661736011505127, 0.5695400238037109, 0.5700931549072266, 1.263714075088501, 1.172400951385498, 1.4486110210418701, 0.8844270706176758, 0.878870964050293, 1.4901700019836426, 1.5434999465942383, 1.1779139041900635, 1.5877161026000977, 0.66286301612854, 1.0279409885406494, 0.6173641681671143, 0.7922720909118652, 1.0802738666534424, 0.5925078392028809, 1.6994600296020508, 0.6890590190887451, 0.8998439311981201, 1.424194097518921, 0.8599538803100586, 0.8204171657562256, 1.2011427879333496, 0.8233518600463867, 1.5577540397644043, 0.8705248832702637, 0.8031301498413086, 1.3148400783538818, 1.260612964630127, 1.274874210357666, 0.8452310562133789, 0.6474359035491943, 1.0666000843048096, 0.8313038349151611, 1.4180779457092285, 1.2123589515686035, 1.1206631660461426, 1.1668760776519775, 1.4702391624450684, 1.4392879009246826, 1.5056118965148926, 1.66343092918396, 1.1652309894561768, 0.8643021583557129, 0.7589409351348877, 0.8924498558044434, 1.33188796043396, 1.1328539848327637, 1.0657908916473389, 1.441654920578003, 0.9529330730438232, 0.8096418380737305, 1.21287202835083, 0.9528958797454834, 0.8714439868927002, 1.3784620761871338, 0.8165578842163086, 1.3053910732269287, 1.0803191661834717, 1.1122848987579346, 0.8027279376983643, 1.069227933883667, 0.6088471412658691, 0.9300589561462402, 1.5153589248657227, 1.2522761821746826, 1.4485361576080322, 0.5908370018005371]}, "10": {"lmls": [-62.66047007187178, 33.705820268360306, -1.0605156957034163, -102.41987726943509, -107.10391107543016, -306.6519835888416, -6.042682243267583, -32.978881322342524, 0.2498907307792937, -82.98809649704727, -107.19362749757606, 8.551965243928908, -323.6420302925192, -23.863198076311818, -41.35016519843214, -42.40960441944919, -9.379569287153295, -211.02334141183215, -55.67039838891826, -107.00896501805659, -25.329289712990146, -45.816752970232216, -88.6410869218365, 29.532278906834307, -178.20853510802837, -12.82460274644112, -15.458273963958298, -8.71404762157367, -79.0559013083372, -89.11609269330249, -38.89363342933797, -7.766573425010133, 0.866098902139377, 30.35760416220855, 1.8286146071417342, -117.51439064427167, -127.85233261724447, -6.14948128319722, -173.4949903949715, -98.86329700150162, -46.567989645575885, -180.43341566923985, -6.516311541143564, -66.01218680375175, -25.598667003008565, 43.79999933994989, -12.855435102788569, -39.23857080978847, -269.45845210455997, -158.04968450959657, 38.17746556274093, -35.06979493415545, 22.891074414036936, 6.39819248595603, -48.83110718100047, -25.611378024228312, -30.21564943429672, -30.73042170484193, 2.131626762396154, -35.3453118057735, -42.62555488285292, -101.58979026008826, -69.34492627220112, -14.308481910362477, -38.776330799489656, -96.00612303085158, -118.14220096060986, 23.485840093493348, -162.23963633432672, -37.52678305639184, -62.40447638022346, -176.33974776926013, 0.5027895844827612, -115.26569525944325, -71.6708139570956, 27.420076426801348, -16.869602030976232, -12.034286305238332, -48.21680459474898, -20.521718332339205, 30.442598296921933, -3.390467147364938, -100.24017116461482, -9.95361745055978, -16.642100122657578, -25.115204942154776, -52.59754533190382, 22.707684510023068, -224.23424882599735, -16.313451420138094, -226.37507495376056, -12.513417020674762, -109.63472701857737, 7.09538145726443, -41.21844091034181, -49.20613877687041], "elapsed": [147.6458179950714, 154.12800192832947, 161.69828701019287, 166.97252798080444, 154.8133990764618, 157.4728021621704, 148.9097180366516, 163.9789478778839, 160.06160807609558, 149.09309005737305, 160.37992119789124, 153.97658610343933, 151.55297112464905, 168.97879910469055, 153.48003888130188, 140.94442701339722, 146.361496925354, 160.6273910999298, 145.1272268295288, 147.76626682281494, 157.03898906707764, 154.71592712402344, 165.78028392791748, 151.3000361919403, 160.10590410232544, 158.3890779018402, 159.14147996902466, 163.0439178943634, 167.9337010383606, 165.02179884910583, 164.32427501678467, 167.89261293411255, 151.65132188796997, 152.31357789039612, 153.00631999969482, 152.05251717567444, 162.8157320022583, 148.45402789115906, 161.91734290122986, 150.37231612205505, 161.88106513023376, 157.41594004631042, 159.6740641593933, 155.01546216011047, 152.6748960018158, 163.22743201255798, 160.16642498970032, 159.38832187652588, 143.09024000167847, 143.9951868057251, 148.44361901283264, 140.28356289863586, 148.82066893577576, 164.2943229675293, 162.84431195259094, 156.6730101108551, 146.52926588058472, 161.66102385520935, 147.1515769958496, 167.54838490486145, 150.99684715270996, 156.69369196891785, 163.25992679595947, 161.3582170009613, 148.4331660270691, 142.46782302856445, 145.23981404304504, 143.0408809185028, 149.77249097824097, 154.43575406074524, 144.4404981136322, 163.00290203094482, 159.89644694328308, 148.7346260547638, 159.88571000099182, 163.08017802238464, 162.97824597358704, 160.06940698623657, 160.7949390411377, 164.5911819934845, 144.2999038696289, 144.99165391921997, 142.26733493804932, 150.54924702644348, 144.56998991966248, 152.43338584899902, 147.44958806037903, 144.7383668422699, 159.64410209655762, 165.24247908592224, 160.82873821258545, 164.39792394638062, 159.06312608718872, 156.62940502166748, 163.4088249206543, 161.33236002922058]},