{
    "static-model": {
        "elapsed_list": [
            0.720050565,
            0.710473,
            0.705463168,
            0.710355654,
            0.739202535,
            0.702815463,
            0.719085941,
            0.732367674,
            0.739558401,
            0.757426959,
            0.737527233,
            0.703800355,
            0.702964564,
            0.731386715,
            0.737775203,
            0.711675432,
            0.761872864,
            0.737425706,
            0.729609918,
            0.711998981,
            0.741871442,
            0.723633983,
            0.729532274,
            0.72445934,
            0.697709861,
            0.761446721,
            0.752036328,
            0.705291724,
            0.712783099,
            0.708246569,
            0.733433633,
            0.71827289,
            0.727331773,
            0.744688046,
            0.722317609,
            0.749407442,
            0.731845057,
            0.714216709,
            0.71880332,
            0.734775858,
            0.73941665,
            0.735093844,
            0.742568452,
            0.718252552,
            0.730021252,
            0.740052406,
            0.717904323,
            0.751576204,
            0.76824389,
            0.836594805
        ],
        "median_elapsed": 0.729815585,
        "std_elapsed": 0.02293304992824611
    },
    "model": {
        "elapsed_list": [
            2.452308639,
            2.312140256,
            2.240559579,
            2.565387338,
            2.552139618,
            2.340424663,
            2.597882926,
            2.527162001,
            2.502946464,
            2.211467464,
            2.416187171,
            2.481109186,
            2.645467381,
            2.48149835,
            2.29649871,
            2.37155231,
            2.774701855,
            2.712868072,
            2.516341204,
            2.463386225,
            2.472134207,
            2.51339885,
            2.531678685,
            2.461659743,
            2.58511929,
            2.439183465,
            2.653102195,
            2.384050448,
            2.415148443,
            2.646765012,
            2.469390819,
            2.70410571,
            2.380979686,
            2.625169487,
            2.713785468,
            2.594320267,
            2.360546501,
            2.593990042,
            2.588968156,
            2.604066672,
            2.500058502,
            2.477180669,
            2.632589387,
            2.549613652,
            2.544615823,
            2.386177303,
            2.488108767,
            2.473876071,
            2.484308195,
            2.554340643
        ],
        "median_elapsed": 2.501502483,
        "std_elapsed": 0.12222327147551312
    },
    "static-model-no-cache": {
        "elapsed_list": [
            2.538151693,
            2.541227736,
            2.666471798,
            2.351133496,
            2.482582909,
            2.648452775,
            2.308822028,
            2.630172307,
            2.200382884,
            2.43119972,
            2.367345031,
            2.378144446,
            2.542024672,
            2.262327207,
            2.329306732,
            2.491114817,
            2.577115666,
            2.38004753,
            2.342370695,
            2.658749464,
            2.517990239,
            2.481152788,
            2.503894705,
            2.570740531,
            2.480146,
            2.520140922,
            2.718188231,
            2.695947963,
            2.471965665,
            2.587738675,
            2.752502134,
            2.551945133,
            2.709788437,
            2.635031389,
            2.531676935,
            2.698831606,
            2.407341777,
            2.545958302,
            2.545389753,
            2.528520121,
            2.583753289,
            2.720295213,
            2.635248575,
            2.499736388,
            2.558229544,
            2.765240524,
            2.446164609,
            2.663417636,
            2.490755159,
            2.453140108
        ],
        "median_elapsed": 2.534914314,
        "std_elapsed": 0.1307620546405096
    }
}
