{
    "static-model": {
        "elapsed_list": [
            4.681204029,
            0.751754393,
            0.743064549,
            0.753008995,
            0.784154488,
            0.743534606,
            0.750473758,
            0.757050876,
            0.765456726,
            0.782747054,
            0.769927433,
            0.736958189,
            0.738026406,
            0.75326442,
            0.751898083,
            0.751916763,
            0.76766074,
            0.753664604,
            0.754839174,
            0.746584765,
            0.759759821,
            0.749069315,
            0.749559652,
            0.754099513,
            0.715807063,
            0.777355962,
            0.776137144,
            0.738874834,
            0.74476821,
            0.743066939,
            0.771293796,
            0.75024109,
            0.747142686,
            0.777154252,
            0.768130454,
            0.755503718,
            0.767908966,
            0.754057741,
            0.727478797,
            0.759640165,
            0.767786478,
            0.765187281,
            0.779214652,
            0.746598018,
            0.778122618,
            0.773146325,
            0.750641189,
            0.767543874,
            0.731665716,
            0.748453986
        ],
        "median_elapsed": 0.7538611725,
        "std_elapsed": 0.5552822314371819
    },
    "model": {
        "elapsed_list": [
            3.501369206,
            2.411674106,
            2.334956796,
            2.647283777,
            2.675791981,
            2.431313305,
            2.697079737,
            2.636565865,
            2.595787569,
            2.302874627,
            2.508301519,
            2.583692925,
            2.770045652,
            2.581573102,
            2.306995738,
            2.46605057,
            2.854055778,
            2.869188015,
            2.666364078,
            2.549446002,
            2.605474381,
            2.652645198,
            2.669581793,
            2.595870499,
            2.699193766,
            2.546168131,
            2.787955735,
            2.505195391,
            2.548325197,
            2.760979301,
            2.590349839,
            2.839577015,
            2.498877391,
            2.754521415,
            2.850798022,
            2.707184465,
            2.492073616,
            2.747580028,
            2.705883899,
            2.735484976,
            2.620449931,
            2.609679064,
            2.780794177,
            2.707662288,
            2.680226729,
            2.527758823,
            2.634963718,
            2.636075514,
            2.629534736,
            2.689576489
        ],
        "median_elapsed": 2.6363206894999998,
        "std_elapsed": 0.1825350370639366
    },
    "static-model-no-cache": {
        "elapsed_list": [
            2.793421026,
            2.598607008,
            2.734104269,
            2.412613143,
            2.571883606,
            2.725272808,
            2.366943137,
            2.709487199,
            2.262432313,
            2.520210671,
            2.475444951,
            2.492389365,
            2.598034168,
            2.317455182,
            2.427366472,
            2.609374508,
            2.658754744,
            2.454920123,
            2.423299328,
            2.753343641,
            2.624226605,
            2.546419406,
            2.561528228,
            2.606024342,
            2.530234647,
            2.59601182,
            2.771338746,
            2.736742799,
            2.576626725,
            2.674192208,
            2.762000225,
            2.637945637,
            2.800628957,
            2.732485484,
            2.610018422,
            2.773403913,
            2.49651337,
            2.635797725,
            2.632412771,
            2.582847828,
            2.674815707,
            2.854423785,
            2.781482798,
            2.640991389,
            2.691440798,
            2.91156439,
            2.577606547,
            2.761611505,
            2.599086376,
            2.559827019
        ],
        "median_elapsed": 2.609696465,
        "std_elapsed": 0.1375398382729085
    }
}
