{
    "elapsed_list": [
        10.910125349,
        4.364499629,
        4.322349861,
        4.334331065,
        4.536527393,
        5.144702432,
        4.703006743,
        4.801036839,
        4.272580341,
        5.441638268,
        5.056554465,
        4.725429355,
        4.532941816,
        4.363467458,
        4.30976255,
        4.227790192,
        4.296291049,
        4.166150611,
        4.688290006,
        4.469313201,
        4.91046077,
        4.548932213,
        4.813372091,
        4.862421529,
        4.604841633,
        4.361296467,
        4.587198953,
        3.64615115,
        4.536350856,
        4.423822582,
        4.334248635,
        4.649919083,
        4.321224919,
        4.487378543,
        4.09105704,
        4.026751971,
        4.092862701,
        4.468558391,
        4.403248607,
        4.217030049,
        4.323133835,
        4.061239884,
        4.953746507,
        4.123747687,
        4.320730639,
        4.542545224,
        4.584121158,
        4.133642149,
        4.170954746,
        4.415867383
    ],
    "median_elapsed": 4.4198449825,
    "std_elapsed": 0.9653297310034787
}
