{
    "elapsed_list": [
        4.10964425,
        4.387793794,
        4.42941062,
        4.081238673,
        3.924524984,
        4.371315658,
        4.544827154,
        4.298122364,
        3.820687337,
        4.446211692,
        4.304210989,
        4.221593376,
        4.276445085,
        4.129442145,
        4.151540559,
        4.071066376,
        4.301078034,
        4.347176462,
        4.173651514,
        4.366219081,
        4.792185218,
        4.449862043,
        3.982563288,
        4.16952511,
        4.189549692,
        4.107563941,
        4.487183804,
        3.635040191,
        4.194246752,
        4.007112118,
        4.178852299,
        4.089839999,
        4.290069157,
        4.454001521,
        4.103308399,
        3.923997054,
        4.128340839,
        4.260671072,
        4.332784223,
        4.072192839,
        4.332871663,
        3.977532411,
        4.58781242,
        4.041786376,
        4.346659273,
        4.330503619,
        4.124244245,
        4.01983069,
        4.326894961,
        4.479155591
    ],
    "median_elapsed": 4.207920064,
    "std_elapsed": 0.20985903178584853
}
