{"heel_l_loc_y":0.2811902322857298,"elbow_r_loc_y":0.3127069683360675,"rot_z":0.23603334566204692,"heel_r_loc_z":0.42471785049513144,"heel_l_loc_x":0.773223048457377,"elbow_r_rot_z":0.9999046588986136,"heel_r_loc_y":0.43710797460962514,"elbow_r_loc_x":0.34651701419196046,"elbow_l_loc_y":0.21096820215853596,"hip_loc_z":0.9866663668987996,"elbow_l_rot_z":0.25166218303197185,"heel_r_loc_x":0.5557510873245723,"elbow_l_loc_x":0.4886128300795012,"elbow_r_loc_z":0.00790928339056074,"elbow_l_loc_z":0.951916339835734,"heel_l_loc_z":0.20947237319807077}