{"custom":{"times":[1.24508624,1.303457859,1.261661664,1.305993174],"poses":[{"rotation":{"x":0.0,"y":0.0,"z":-0.3471475724664754},"elbow_r_loc":{"x":-0.5897051040362165,"y":-0.2541968512938765,"z":-0.8472582947026736},"elbow_l_loc":{"x":0.20952831644416783,"y":-0.18344821057918814,"z":0.6863161000342424},"elbow_r_rot":{"x":0.0,"y":0.0,"z":5.993225127629317},"elbow_l_rot":{"x":0.0,"y":0.0,"z":4.78685846081209},"hip_loc":{"x":0.0,"y":0.0,"z":-0.011653189797865282},"heel_r_loc":{"x":-0.09253105193520356,"y":-0.362470455873232,"z":-0.07401759663085836},"heel_l_loc":{"x":0.3062762241345788,"y":-0.7736300761385594,"z":0.042180276877582884}},{"rotation":{"x":0.0,"y":0.0,"z":-0.33466488527473426},"elbow_r_loc":{"x":-0.44038869068284636,"y":-0.3081013581275639,"z":-0.6956510421420696},"elbow_l_loc":{"x":0.4534534316994671,"y":-0.5149115776217266,"z":0.8444792996412167},"elbow_r_rot":{"x":0.0,"y":0.0,"z":0.6946597259791413},"elbow_l_rot":{"x":0.0,"y":0.0,"z":0.5402083406292094},"hip_loc":{"x":0.0,"y":0.0,"z":-0.007689147941871977},"heel_r_loc":{"x":-0.18103899490549114,"y":-0.2393684231951546,"z":-0.03245610147352257},"heel_l_loc":{"x":0.3488028236114745,"y":-0.5574060871543828,"z":0.1928718911409647}},{"rotation":{"x":0.0,"y":0.0,"z":-0.37951495148125425},"elbow_r_loc":{"x":-0.7314699424643959,"y":-0.34590594555915977,"z":-0.8063237434359122},"elbow_l_loc":{"x":0.41156246296914667,"y":-0.21939820498086693,"z":0.8126816016076901},"elbow_r_rot":{"x":0.0,"y":0.0,"z":3.8546269361344296},"elbow_l_rot":{"x":0.0,"y":0.0,"z":5.011016898184864},"hip_loc":{"x":0.0,"y":0.0,"z":-0.0037354160690131755},"heel_r_loc":{"x":-0.15682112586393543,"y":-0.18090457935998017,"z":-0.005608279158199697},"heel_l_loc":{"x":0.31465166229236086,"y":-0.7823086418939248,"z":-0.18511037436481115}},{"rotation":{"x":0.0,"y":0.0,"z":-0.3424845024436715},"elbow_r_loc":{"x":-0.9812256803091262,"y":-0.05069671602475179,"z":-0.7981426942287658},"elbow_l_loc":{"x":0.47132270156628586,"y":-0.2407384969407007,"z":0.5842981881401528},"elbow_r_rot":{"x":0.0,"y":0.0,"z":3.2531596615936347},"elbow_l_rot":{"x":0.0,"y":0.0,"z":1.98720394606184},"hip_loc":{"x":0.0,"y":0.0,"z":-0.013671924387322454},"heel_r_loc":{"x":-0.14688781754422126,"y":-0.087216272357996,"z":0.13572181427892616},"heel_l_loc":{"x":0.29245829606510343,"y":-0.723177695134839,"z":-0.03987558288054477}}]},"generic":{"times":[1.375983844,1.416285866,1.360647012,1.331676114],"poses":[{"rotation":{"x":0.0,"y":0.0,"z":-0.5924942973539795},"elbow_r_loc":{"x":-0.9894391062964949,"y":-0.4392690342083747,"z":0.5387964047897436},"elbow_l_loc":{"x":0.8825066325658948,"y":-0.8814430810520295,"z":-0.5286345294358945},"elbow_r_rot":{"x":0.0,"y":0.0,"z":6.2412437858106},"elbow_l_rot":{"x":0.0,"y":0.0,"z":1.6551376110276925},"hip_loc":{"x":0.0,"y":0.0,"z":-0.062043312740975076},"heel_r_loc":{"x":-0.2283780423395864,"y":0.3883695703355845,"z":0.03857677049981634},"heel_l_loc":{"x":0.41085789451122867,"y":-0.26153727240775193,"z":0.044498763492461096}},{"rotation":{"x":0.0,"y":0.0,"z":-0.449121906911047},"elbow_r_loc":{"x":-0.42057104699491865,"y":0.7170286566633357,"z":0.46854651029265915},"elbow_l_loc":{"x":0.30597531624383145,"y":0.42980935762632244,"z":0.028648569822134817},"elbow_r_rot":{"x":0.0,"y":0.0,"z":4.4705009364439325},"elbow_l_rot":{"x":0.0,"y":0.0,"z":5.034588277263793},"hip_loc":{"x":0.0,"y":0.0,"z":-0.13263219638868737},"heel_r_loc":{"x":-0.12814302788373133,"y":0.19570205266192886,"z":0.09092569953252816},"heel_l_loc":{"x":0.15409774146313762,"y":-0.0834753288731539,"z":-0.05248045253929565}},{"rotation":{"x":0.0,"y":0.0,"z":-0.17342803240896376},"elbow_r_loc":{"x":-0.8390882988910977,"y":-0.0831906003408096,"z":0.8865744010749501},"elbow_l_loc":{"x":0.8080922024500958,"y":-0.8328417739889993,"z":0.2271107267071164},"elbow_r_rot":{"x":0.0,"y":0.0,"z":4.918029274488563},"elbow_l_rot":{"x":0.0,"y":0.0,"z":2.8636534959766666},"hip_loc":{"x":0.0,"y":0.0,"z":-0.1263304766133857},"heel_r_loc":{"x":-0.15303168109881243,"y":-0.663834866990784,"z":-0.18922872754124365},"heel_l_loc":{"x":-0.09276824313443806,"y":-0.3047231911541234,"z":0.18655433156297363}},{"rotation":{"x":0.0,"y":0.0,"z":-0.6955929076537425},"elbow_r_loc":{"x":-0.005521258330878576,"y":0.45794917719487493,"z":0.4012924532814157},"elbow_l_loc":{"x":0.1951932062450088,"y":-0.5315460222822486,"z":-0.42888777757902385},"elbow_r_rot":{"x":0.0,"y":0.0,"z":2.2146522177740677},"elbow_l_rot":{"x":0.0,"y":0.0,"z":3.65399159946589},"hip_loc":{"x":0.0,"y":0.0,"z":-0.039247596864057044},"heel_r_loc":{"x":-0.06409835100382433,"y":-0.47460154850714076,"z":0.1235567200965817},"heel_l_loc":{"x":0.18527781463358636,"y":0.27817026463379246,"z":0.05873512192240671}}]}}