{
    "30": {
        "lmls": [
            -596.5681854769923,
            -5558.550268533381,
            -1487.6914596078068,
            -4367.130433805744,
            -1357.1407729649122,
            -551.6655919371781,
            28.83607663714328,
            -12.09752498287419,
            -94.76745205330936,
            -220.89571699273787,
            -497.04890555801137,
            -210.14339450152355,
            -369.8951418139382,
            -3852.3622801823294,
            -191.86687064574474,
            -4851.557950772575,
            -3351.1785652552835,
            -5.7187951377834665,
            -4170.585040437922,
            -2672.113852963351,
            -534.345762095864,
            -453.95652501076773,
            -842.0492292769908,
            -1265.7552909474941,
            -742.2805351483481,
            -609.4049713440087,
            -1099.1940900355714,
            -882.8843144522712,
            -3297.825666843504,
            -776.5287087919205,
            -551.5508306351493,
            -2964.2477587186672,
            -1277.023744695816,
            -91.79031326771778,
            -0.5455366549311322,
            -499.0350420249802,
            -704.0246778204423,
            -1079.6545796325117,
            -1342.526811173412,
            -1809.7845225136223,
            -1070.2959020202943,
            -1021.4230116917686,
            -4585.012546172695,
            -2297.848455437606,
            -296.39812258581156,
            -968.4473995791819,
            -555.8437676003283,
            -1631.7677125729838,
            -559.8671103258139,
            -597.1003501754185
        ],
        "elapsed": [
            0.054035349,
            0.023543701,
            0.051897682,
            0.031903103,
            0.053067116,
            0.054228701,
            0.052231608,
            0.053009095,
            0.052486943,
            0.054713256,
            0.056149425,
            0.056475779,
            0.054922624,
            0.041610659,
            0.052198253,
            0.029823051,
            0.034710522,
            0.047578056,
            0.045933213,
            0.046854156,
            0.056954141,
            0.060206748,
            0.054691046,
            0.05585565,
            0.054494049,
            0.053180879,
            0.054463152,
            0.050339879,
            0.042926358,
            0.052967215,
            0.053302294,
            0.044930759,
            0.05214988,
            0.050580262,
            0.052521539,
            0.05634376,
            0.051085208,
            0.045188186,
            0.054811273,
            0.048355008,
            0.05556477,
            0.046622047,
            0.02787163,
            0.05331531,
            0.054456231,
            0.05100894,
            0.05752611,
            0.050751473,
            0.051978985,
            0.053951883
        ]
    },
    "100": {
        "lmls": [
            -2336.075071876453,
            -2173.6301093322154,
            -1316.3561160297077,
            -3366.6604810360755,
            -1303.0165549655987,
            30.538018537878273,
            21.97159589275524,
            -3868.3419504020067,
            -1556.0400080559207,
            -1613.2264764294537,
            -450.42432392852334,
            23.5303705028833,
            -27.15329162995524,
            -826.4018491276098,
            5.846665819387882,
            -3608.004978959728,
            -663.4751626659219,
            -1105.6020218602891,
            -2385.4806521175037,
            -541.43652190587,
            -612.409327239851,
            -118.68080752265776,
            -69.53537046567097,
            -560.6544338451027,
            -202.1581700673644,
            -33.331196708511065,
            -26.5285589736311,
            -68.8132679903202,
            -1704.1694436752218,
            -897.0514146315529,
            -452.9394633954906,
            -6.126838849813655,
            -956.5656829721296,
            -857.0714314633981,
            -87.29594613517176,
            26.009443781365682,
            -63.71752176738576,
            25.90520782555064,
            -1063.8039686007771,
            -1057.835386299608,
            -1527.400093575865,
            -1077.2808872016203,
            -890.6951465711672,
            -1734.2067002417675,
            -67.69871892392551,
            -606.8496589179417,
            -2871.190645488209,
            -130.84278840124304,
            14.771143897085052,
            -644.1595966902047
        ],
        "elapsed": [
            0.163262791,
            0.165645613,
            0.157164062,
            0.155830574,
            0.180680144,
            0.173138973,
            0.172274899,
            0.1068301,
            0.119182605,
            0.168630972,
            0.167798447,
            0.164104997,
            0.16572036,
            0.174740848,
            0.170094,
            0.136427143,
            0.183175823,
            0.175249706,
            0.181884008,
            0.185397156,
            0.176325176,
            0.186091143,
            0.18725538,
            0.189077291,
            0.194948561,
            0.18370113,
            0.185124384,
            0.181892599,
            0.141475021,
            0.17146037,
            0.181429431,
            0.186817578,
            0.187872282,
            0.175766677,
            0.179995863,
            0.164379867,
            0.171001611,
            0.174182816,
            0.167017485,
            0.178614577,
            0.188849171,
            0.165751761,
            0.192752533,
            0.13129911,
            0.172123692,
            0.18733927,
            0.153377528,
            0.17721206,
            0.227949707,
            0.193359542
        ]
    },
    "10": {
        "lmls": [
            -4905.180142547728,
            -899.2992882681509,
            -6842.339676034264,
            -1830.786234651283,
            -1559.3555049490965,
            -1300.3648225695802,
            -1516.1259610804696,
            -707.8853155197721,
            -2837.029977737123,
            -1334.3827817315553,
            -4684.850006148419,
            -288.887521623255,
            37.42936474383309,
            -4016.9130747453555,
            -6901.444123354984,
            -5995.902707261406,
            -3225.4062201624233,
            -312.26064341784684,
            -94.41996063680222,
            -2185.304901649841,
            -599.4592874932063,
            -2550.0674885072385,
            -854.6044540186227,
            -749.2124104654617,
            -5112.058033091425,
            -696.5840828854089,
            -6401.936261697741,
            -1128.1249465859935,
            -517.1607768179771,
            -1714.9345459215776,
            -1405.0125627447503,
            -5445.935072608766,
            -6575.493479400819,
            -743.3238392234605,
            -5062.724619873953,
            -5928.589394789861,
            -2887.6850948877805,
            -2870.0554235104237,
            -2549.3641630619777,
            21.27094564487464,
            -948.8922995723873,
            -3673.359580229767,
            -1847.6622974999325,
            -1256.1389652714329,
            -1308.1277395830812,
            -2818.6306615637973,
            -6178.923869259121,
            -6630.118412843433,
            -906.5981257633821,
            -3350.5777951736272
        ],