{
    "static-model": {
        "elapsed_list": [
            2.24897445,
            0.719084126,
            0.729368972,
            0.7185825,
            0.740818248,
            0.738660327,
            0.756070331,
            0.73204158,
            0.734315813,
            0.755448881
        ],
        "median_elapsed": 0.73648807,
        "std_elapsed": 0.47860069383330744
    },
    "model": {
        "elapsed_list": [
            6.287291884,
            2.31060706,
            2.37926136,
            2.465956816,
            2.171162878,
            2.211483109,
            2.074118816,
            2.29198334,
            2.135182494,
            2.093295707
        ],
        "median_elapsed": 2.2517332244999997,
        "std_elapsed": 1.2870280347406882
    },
    "static-model-no-cache": {
        "elapsed_list": [
            2.551339629,
            2.242048719,
            2.274164878,
            2.194716252,
            2.139134915,
            2.08664463,
            2.169736339,
            2.04069342,
            2.161582168,
            2.306455449
        ],
        "median_elapsed": 2.1822262955,
        "std_elapsed": 0.14283649246182525
    }
}
